date,price,mult,units,cash,invested,wealth
2015-01-07,19323.0,0.8,4.139315841225483,20000.0,100000.0,99984.0
2015-01-14,19740.0,0.8,8.191190207993467,40000.0,200000.0,201694.09470579104
2015-01-21,19943.0,0.8,12.201820504338048,60000.0,300000.0,303340.9063180137
2015-01-28,20273.0,0.8,16.147166531073115,80000.0,400000.0,407351.5070844453
2015-02-04,20253.0,0.8,20.096408618665077,100000.0,500000.0,507012.5637538238
2015-02-11,19987.0,0.8,24.098209789426072,120000.0,600000.0,601650.9190612589
2015-02-18,20142.0,0.8,28.069215647831395,140000.0,700000.0,705370.14157862
2015-02-25,20293.0,0.8,32.01067329332491,160000.0,800000.0,809592.5931414425
2015-03-04,20401.0,1.0,36.911413453121,160000.0,900000.0,913029.7458571215
2015-03-11,20245.0,0.8,40.86221612044626,180000.0,1000000.0,1007255.5653584346
2015-03-18,20763.0,1.0,45.67751256123035,180000.0,1100000.0,1128402.1933088258
2015-03-25,20810.0,1.0,50.481933512695996,180000.0,1200000.0,1230529.0363992036
2015-04-01,20464.0,1.0,55.36758636648802,180000.0,1300000.0,1313042.2874038108
2015-04-08,20735.0,1.0,60.189385257252425,180000.0,1400000.0,1428026.903309129
2015-04-15,21327.0,1.0,64.87733949366635,180000.0,1500000.0,1563639.0193814223
2015-04-22,21566.0,1.0,69.5133406065292,180000.0,1600000.0,1679124.7035204086
2015-04-29,21550.0,1.0,74.15278376198164,180000.0,1700000.0,1777992.4900707044
2015-05-06,21176.0,1.0,78.87416645937492,180000.0,1800000.0,1850239.3489437234
2015-05-13,21143.0,1.0,83.60291829213281,180000.0,1900000.0,1947616.501450564
2015-05-20,21300.0,1.0,88.29681500574783,180000.0,2000000.0,2060722.1596224287
2015-05-27,20866.0,1.0,93.08834189159083,180000.0,2100000.0,2122381.3419099343
2015-06-03,20395.0,1.0,97.99052379892106,180000.0,2200000.0,2178516.732878995
2015-06-10,20254.0,1.0,102.92683267617987,180000.0,2300000.0,2264680.069023347
2015-06-17,19940.0,0.8,106.93806637728318,200000.0,2400000.0,2332345.0435630265
2015-06-24,20431.0,1.0,111.83161050140828,200000.0,2500000.0,2484831.6341542727
2015-07-01,20479.0,0.8,115.73726995743641,220000.0,2600000.0,2590183.55145834
2015-07-08,19702.0,0.8,119.79695932907381,240000.0,2700000.0,2600239.6927014124
2015-07-15,20028.0,0.8,123.79056827654735,260000.0,2800000.0,2739277.5014426904
2015-07-22,19892.0,0.8,127.81148120636838,280000.0,2900000.0,2822425.98415708
2015-07-29,19811.0,0.8,131.8488341920834,300000.0,3000000.0,2912057.254179364
2015-08-05,19562.0,0.8,135.9375776743449,320000.0,3100000.0,2979210.894465535
2015-08-12,19055.0,0.8,140.13511113013078,340000.0,3200000.0,3010274.542584642
2015-08-19,18809.0,0.8,144.38754347634801,360000.0,3300000.0,3075785.3052466298
2015-08-26,18298.0,0.6,147.66593455734048,400000.0,3400000.0,3101991.270530216
2015-09-02,18503.0,0.8,151.98869302893968,420000.0,3500000.0,3232246.7871144707
2015-09-09,18926.0,0.8,156.21483695792625,440000.0,3600000.0,3396522.004265712
2015-09-16,19196.0,0.8,160.38153835405043,460000.0,3700000.0,3538684.0102443523
2015-09-23,18926.0,0.8,164.607682283037,480000.0,3800000.0,3595364.9948887583
2015-09-30,19035.0,0.8,168.8096260707964,500000.0,3900000.0,3713291.2322576097
2015-10-07,19615.0,0.8,172.8873217118874,520000.0,4000000.0,3911184.8153786715
2015-10-14,19752.0,0.8,176.9367344295869,540000.0,4100000.0,4034854.3784532
2015-10-21,20070.0,0.8,180.92198604891922,560000.0,4200000.0,4191104.260001809
2015-10-28,20142.0,1.0,185.88574337192588,560000.0,4300000.0,4304110.642997331
2015-11-04,20327.0,1.0,190.80432456934804,560000.0,4400000.0,4438479.505521137
2015-11-11,19768.0,0.8,194.85045973729623,580000.0,4500000.0,4431803.888086872
2015-11-18,19421.0,0.8,198.96888824252252,600000.0,4600000.0,4464174.77855803
2015-11-25,19917.0,0.8,202.984754085772,620000.0,4700000.0,4662847.347126321
2015-12-02,19880.0,0.8,207.00809412601345,640000.0,4800000.0,4755320.911225148
2015-12-09,19329.0,0.8,211.1461250639823,660000.0,4900000.0,4741243.451361714
2015-12-16,19663.0,0.8,215.21386650730224,680000.0,5000000.0,4911750.257133084
2015-12-23,19921.0,0.8,219.22892599226785,700000.0,5100000.0,5067259.434691967
2015-12-30,19603.0,0.8,223.30911779964427,720000.0,5200000.0,5097528.636226427
2016-01-06,19184.0,0.8,227.478425556108,740000.0,5300000.0,5103946.115868376
2016-01-13,19132.0,0.8,231.65906532194532,760000.0,5400000.0,5192101.237739458
2016-01-20,18407.0,0.8,236.00436873912358,780000.0,5500000.0,5124132.415381048
2016-01-27,18886.0,0.8,240.2394635183251,800000.0,5600000.0,5337162.508007088
2016-02-03,18729.0,0.8,244.51005991962788,820000.0,5700000.0,5399428.9122347105
2016-02-10,19124.0,0.8,248.69244854125515,840000.0,5800000.0,5595994.385902964
2016-02-17,19011.0,0.8,252.89969697637167,860000.0,5900000.0,5667876.139217801
2016-02-24,19232.0,0.8,257.0585988066545,880000.0,6000000.0,5823750.97224958
2016-03-02,19562.0,0.8,261.14734228891604,900000.0,6100000.0,6008564.309855776
2016-03-09,19615.0,0.8,265.22503793000703,920000.0,6200000.0,6122389.118997088
2016-03-16,19860.0,1.0,270.25927760775124,920000.0,6300000.0,6287349.25328994
2016-03-23,20041.0,1.0,275.24805062306984,920000.0,6400000.0,6436246.182536943
2016-03-30,20178.0,1.0,280.20295200080795,920000.0,6500000.0,6573935.165472303
2016-04-06,19780.0,1.0,285.2575526074814,920000.0,6600000.0,6562394.390575982
2016-04-13,19925.0,1.0,290.2753694205303,920000.0,6700000.0,6703736.735704066
2016-04-20,20206.0,1.0,295.2234046575886,920000.0,6800000.0,6885284.114511236
2016-04-27,20323.0,1.0,300.14295393673046,920000.0,6900000.0,7019805.252856174
2016-05-04,19856.0,1.0,305.1782077642889,920000.0,7000000.0,6979618.49336772
2016-05-11,19881.0,1.0,310.2071298507031,920000.0,7100000.0,7087227.948561829
2016-05-18,19610.0,1.0,315.305549024594,920000.0,7200000.0,7103141.816372287
2016-05-25,19746.0,1.0,320.3688529848897,920000.0,7300000.0,7246003.371039633
2016-06-01,19938.0,1.0,325.38339807466804,920000.0,7400000.0,7407494.190812731
2016-06-08,20480.0,1.0,330.26523401216804,920000.0,7500000.0,7683831.992569202
2016-06-15,19893.0,1.0,335.29112251566175,920000.0,7600000.0,7589946.300204059
2016-06-22,20164.0,1.0,340.24946411455085,920000.0,7700000.0,7780790.194405803
2016-06-29,19865.0,1.0,345.28243667936334,920000.0,7800000.0,7779035.6046355525
2016-07-06,19811.0,1.0,350.3291279115071,920000.0,7900000.0,7860370.353054867
2016-07-13,20365.0,1.0,355.23853129967307,920000.0,8000000.0,8154432.689917842
2016-07-20,20475.0,1.0,360.12155938270115,920000.0,8100000.0,8293488.928360806
2016-07-27,20664.0,1.0,364.9599256235064,920000.0,8200000.0,8461531.903084137
2016-08-03,20348.0,1.0,369.87343063628407,920000.0,8300000.0,8446184.56658711
2016-08-10,20860.0,1.0,374.66633571777976,920000.0,8400000.0,8735539.763072886
2016-08-17,20930.0,1.0,379.4432110163942,920000.0,8500000.0,8861746.40657313
2016-08-24,21020.0,1.0,384.19963347119915,920000.0,8600000.0,8995876.295564607
2016-08-31,20987.0,1.0,388.9635349340095,920000.0,8700000.0,9083177.707660057
2016-09-07,21279.0,1.0,393.66206400022503,920000.0,8800000.0,9296735.059860788
2016-09-14,20569.0,1.0,398.5227767232548,920000.0,8900000.0,9117214.994420629
2016-09-21,20955.0,1.0,403.2939530534863,920000.0,9000000.0,9371024.786235806
2016-09-28,21135.0,1.0,408.0244948088684,920000.0,9100000.0,9543597.697785433
2016-10-05,21164.0,1.0,412.7485545329281,920000.0,9200000.0,9655410.40813489
2016-10-12,20967.0,1.0,417.5170001856204,920000.0,9300000.0,9674078.942891903
2016-10-19,21090.0,1.0,422.25763555783476,920000.0,9400000.0,9825413.533914736
2016-10-26,20877.0,1.0,427.0466378091161,920000.0,9500000.0,9835452.657540916
2016-11-02,20676.0,1.0,431.8821959441519,920000.0,9600000.0,9849596.283341285
2016-11-09,20487.0,1.0,436.7623638555103,920000.0,9700000.0,9867950.54830784
2016-11-16,20520.0,1.0,441.6346835436194,920000.0,9800000.0,9982343.70631507
2016-11-23,20770.0,1.0,446.44835711126507,920000.0,9900000.0,10192732.377200976
2016-11-30,20844.0,1.0,451.24494126018084,920000.0,10000000.0,10325749.55562721
2016-12-07,20996.0,1.0,456.0068006619717,920000.0,10100000.0,10494318.786698757
2016-12-14,21398.0,1.0,460.6791999516249,920000.0,10200000.0,10777613.52056487
2016-12-21,21480.0,1.0,465.33376233523757,920000.0,10300000.0,10915369.214960903
2016-12-28,21582.0,1.0,469.9663265090861,920000.0,10400000.0,11062813.258719096
2017-01-04,21865.0,1.0,474.5389311283406,920000.0,10500000.0,11295793.729121167
2017-01-11,22292.0,1.0,479.0239481748147,920000.0,10600000.0,11598401.852712968
2017-01-18,22242.0,1.0,483.51904753638286,920000.0,10700000.0,11674430.655304227
2017-01-25,22288.0,1.0,488.0048695033606,920000.0,10800000.0,11796652.531490901
2017-02-01,22411.0,1.0,492.46607159162085,920000.0,10900000.0,11956657.130439814
2017-02-08,22267.0,1.0,496.95612413574446,920000.0,11000000.0,11985722.016130622
2017-02-15,22361.0,1.0,501.4273016322786,920000.0,11100000.0,12132415.891799383
2017-02-22,22673.0,1.0,505.83695187706314,920000.0,11200000.0,12388841.209908653
2017-03-01,22448.0,1.0,510.29080077228764,920000.0,11300000.0,12375007.895736312
2017-03-08,22640.0,1.0,514.7068785108036,920000.0,11400000.0,12572963.729484593
2017-03-15,23104.0,1.0,519.0342677074794,920000.0,11500000.0,12911767.721113605
2017-03-22,23493.0,1.3,524.5667241838767,890000.0,11600000.0,13213646.051251814
2017-03-29,23477.0,1.0,528.825360295816,890000.0,11700000.0,13305232.983664874
2017-04-05,23379.0,1.0,533.1018477418146,890000.0,11800000.0,13353388.098355884
2017-04-12,23030.0,1.0,537.4431417062088,890000.0,11900000.0,13267315.55349399
2017-04-19,23079.0,1.0,541.7752184859653,890000.0,12000000.0,13393630.267437594
2017-04-26,23875.0,1.0,545.9628624650229,890000.0,12100000.0,13924863.341352422
2017-05-03,24158.0,1.3,551.3430263858772,860000.0,12200000.0,14179344.831430022
2017-05-10,24767.0,1.3,556.5908965356733,830000.0,12300000.0,14615086.73449902
2017-05-17,25046.0,1.3,561.7803080185448,800000.0,12400000.0,14870349.594632473
2017-05-24,25246.0,1.3,566.9286087394511,770000.0,12500000.0,15082679.656236181
2017-05-31,25505.0,1.3,572.0246291276103,740000.0,12600000.0,15329488.165899701
2017-06-07,25555.0,1.3,577.1106788243428,710000.0,12700000.0,15458063.39735608
2017-06-14,25763.0,1.3,582.1556658211988,680000.0,12800000.0,15678076.418551544
2017-06-21,25722.0,1.3,587.2086943570824,650000.0,12900000.0,15754182.036252875
2017-06-28,26022.0,1.3,592.2034680101452,620000.0,13000000.0,16030318.64456
2017-07-05,26118.0,1.3,597.1798827432794,590000.0,13100000.0,16187144.177488973
2017-07-12,26247.0,1.3,602.1318391573458,560000.0,13200000.0,16364154.382362856
2017-07-19,26706.0,1.3,606.9986855589035,530000.0,13300000.0,16740506.896536076
2017-07-26,26752.0,1.3,611.8571634297169,500000.0,13400000.0,16868402.83607179
2017-08-02,26622.0,1.3,616.7393661192218,470000.0,13500000.0,16888835.404825926
2017-08-09,25932.0,1.3,621.7514747109232,440000.0,13600000.0,16563259.24220366
2017-08-16,25718.0,1.0,625.6390242870955,440000.0,13700000.0,16530184.426615521
2017-08-23,25915.0,1.0,629.4970215859571,440000.0,13800000.0,16753415.314400079
2017-08-30,25932.0,1.0,633.3524897334197,440000.0,13900000.0,16864096.76376704
2017-09-06,25405.0,1.0,637.2879355118098,440000.0,14000000.0,16630300.001677528
2017-09-13,26007.0,1.0,641.1322851099949,440000.0,14100000.0,17113927.33885564
2017-09-20,26647.0,1.3,646.0099073564016,410000.0,14200000.0,17624226.001326036
2017-09-27,26283.0,1.0,649.813887115181,410000.0,14300000.0,17489058.3950483
2017-10-04,26517.0,1.0,653.5842985493554,410000.0,14400000.0,17741094.844633255
2017-10-11,27282.0,1.3,658.3483920908845,380000.0,14500000.0,18341060.83302351
2017-10-18,27492.0,1.3,663.0760946952786,350000.0,14600000.0,18579287.9953626
2017-10-25,27584.0,1.3,667.788029150035,320000.0,14700000.0,18740264.996074565
2017-11-01,28405.0,1.3,672.3637728571288,290000.0,14800000.0,19388492.96800674
2017-11-08,28309.0,1.3,676.955033586932,260000.0,14900000.0,19423920.045812458
2017-11-15,27815.0,1.3,681.6278360316561,230000.0,15000000.0,19189478.259220514
2017-11-22,28100.0,1.3,686.2532452843251,200000.0,15100000.0,19483716.192489535
2017-11-29,27694.0,1.0,689.8634135518198,200000.0,15200000.0,19305077.374904096
2017-12-06,27204.0,1.0,693.5386083761103,200000.0,15300000.0,19067024.302263707
2017-12-13,27355.0,1.0,697.1935160712301,200000.0,15400000.0,19271728.6321285
2017-12-20,27304.0,1.0,700.8552506156192,200000.0,15500000.0,19336151.762808867
2017-12-27,27108.0,1.0,704.5434607380922,200000.0,15600000.0,19298764.133688204
2018-01-03,27685.0,1.0,708.1548026199778,200000.0,15700000.0,19805265.710534085
2018-01-10,27736.0,1.0,711.7595040909902,200000.0,15800000.0,19941361.605467703
2018-01-17,27857.0,1.0,715.3485481373699,200000.0,15900000.0,20127464.505462714
2018-01-24,28033.0,1.0,718.9150590352402,200000.0,16000000.0,20353345.84993489
2018-01-31,28221.0,1.0,722.4578108866983,200000.0,16100000.0,20588481.881033514
2018-02-07,26321.0,1.0,726.2562987860942,200000.0,16200000.0,19315792.040348787
2018-02-14,26672.0,0.8,729.2550990260463,220000.0,16300000.0,19670692.001222707
2018-02-21,26639.0,0.8,732.2576141354723,240000.0,16400000.0,19746610.582954846
2018-02-28,26534.0,1.0,736.0256099144729,240000.0,16500000.0,19769703.533470623
2018-03-07,26371.0,0.8,739.0586386202482,260000.0,16600000.0,19749715.359054565
2018-03-14,27288.0,1.0,742.7225201799081,260000.0,16700000.0,20527412.130669333
2018-03-21,27271.0,1.0,746.3886857037246,260000.0,16800000.0,20614765.847826272
2018-03-28,26475.0,0.8,749.4097999624593,280000.0,16900000.0,20120624.45400611
2018-04-04,26233.0,0.8,752.4587840664504,300000.0,17000000.0,20039251.282415196
2018-04-11,26593.0,0.8,755.4664928619982,320000.0,17100000.0,20410120.44467912
2018-04-18,27045.0,0.8,758.4239341635326,340000.0,17200000.0,20851575.29945274
2018-04-25,26676.0,0.8,761.4222847408306,360000.0,17300000.0,20671700.867746398
2018-05-02,27240.0,1.0,765.0926224794503,360000.0,17400000.0,21201123.036340225
2018-05-09,26718.0,0.8,768.0862597277472,380000.0,17500000.0,20901728.68740595
2018-05-16,26850.0,0.8,771.0651796532593,400000.0,17600000.0,21103100.073690012
2018-05-23,27062.0,0.8,774.0207631282427,420000.0,17700000.0,21366549.891776506
2018-05-30,26310.0,0.8,777.0608239416217,440000.0,17800000.0,20884470.277904067
2018-06-06,26777.0,0.8,780.0478650589986,460000.0,17900000.0,21347341.682684805
2018-06-13,26947.0,0.8,783.0160618898146,480000.0,18000000.0,21579933.819744837
2018-06-20,25856.0,0.8,786.109502483874,500000.0,18100000.0,20825647.296223048
2018-06-27,25694.0,0.8,789.2224471402141,520000.0,18200000.0,20798281.55682066
2018-07-04,24913.0,0.8,792.4329797938487,540000.0,18300000.0,20281882.825604152
2018-07-11,25108.0,0.8,795.6185780095569,560000.0,18400000.0,20536391.256663956
2018-07-18,25270.0,0.8,798.7837541076971,580000.0,18500000.0,20765265.466301505
2018-07-25,25151.0,0.8,801.963905990326,600000.0,18600000.0,20770194.199562687
2018-08-01,25462.0,0.8,805.1052146070882,620000.0,18700000.0,21119588.97432568
2018-08-08,25339.0,0.8,808.2617716930032,640000.0,18800000.0,21120545.032929007
2018-08-15,24828.0,0.8,811.4832957787129,660000.0,18900000.0,20807507.267593883
2018-08-22,24973.0,0.8,814.6861148232811,680000.0,19000000.0,21025156.345481798
2018-08-29,25390.0,0.8,817.8363314439979,700000.0,19100000.0,21464864.455363106
2018-09-05,25139.0,0.8,821.018001359269,720000.0,19200000.0,21359571.53617066
2018-09-12,24909.0,0.8,824.2290495747734,740000.0,19300000.0,21270721.39585803
2018-09-19,25271.0,0.8,827.3941004235725,760000.0,19400000.0,21669076.3118041
2018-09-26,25611.0,0.8,830.5171334952995,780000.0,19500000.0,22050374.305948116
2018-10-03,25330.0,0.8,833.6748121372261,800000.0,19600000.0,21916982.991435938
2018-10-10,24615.0,0.8,836.9242129091132,820000.0,19700000.0,21420889.50075782
2018-10-17,23939.0,0.6,839.4300819930348,860000.0,19800000.0,20955116.732831262
2018-10-24,23194.0,0.6,842.0164405340369,900000.0,19900000.0,20429729.32174645
2018-10-31,22534.0,0.6,844.6785511224809,940000.0,20000000.0,19973986.470993984
2018-11-07,23077.0,0.6,847.2780224575765,980000.0,20100000.0,20532634.924253494
2018-11-14,22957.0,0.6,849.8910816552069,1020000.0,20200000.0,20530949.561558586
2018-11-21,22910.0,0.6,852.509501559179,1060000.0,20300000.0,20590992.68072079
2018-11-28,23367.0,0.8,855.9324484500935,1080000.0,20400000.0,21080573.522933334
2018-12-05,23192.0,0.8,859.3812238899003,1100000.0,20500000.0,21030769.344454568
2018-12-12,22949.0,0.6,861.9951939975302,1140000.0,20600000.0,20921927.70704932
2018-12-19,22833.0,0.6,864.6224440303774,1180000.0,20700000.0,20921924.26454561
2018-12-26,22325.0,0.6,867.3094765051815,1220000.0,20800000.0,20582684.062978175
2019-01-02,22432.0,0.8,870.8750970472641,1240000.0,20900000.0,20775470.17696423
2019-01-09,23021.0,0.8,874.3494899928356,1260000.0,21000000.0,21388399.60912507
2019-01-16,23516.0,0.8,877.7507487103046,1280000.0,21100000.0,21921186.606671523
2019-01-23,23777.0,0.8,881.1146718292852,1300000.0,21200000.0,22250263.55208491
2019-01-30,24810.0,0.8,884.3385331755165,1320000.0,21300000.0,23260439.008084565
2019-02-06,24759.0,0.8,887.5690352151789,1340000.0,21400000.0,23315321.742892615
2019-02-13,24708.0,0.8,890.8062053624997,1360000.0,21500000.0,23370039.72209664
2019-02-20,24968.0,0.8,894.0096657918492,1380000.0,21600000.0,23701633.33549089
2019-02-27,25019.0,1.0,898.0058287080329,1380000.0,21700000.0,23847207.828446276
2019-03-06,24238.0,0.8,901.3057709474916,1400000.0,21800000.0,23245849.276225302
2019-03-13,23922.0,0.8,904.6493040968938,1420000.0,21900000.0,23061020.652605895
2019-03-20,24289.0,0.8,907.9423173950946,1440000.0,22000000.0,23493010.94720945
2019-03-27,24050.0,0.8,911.2680554408327,1460000.0,22100000.0,23375996.733352024
2019-04-03,24831.0,1.0,915.2944740304988,1460000.0,22200000.0,24187677.084651317
2019-04-10,25015.0,1.0,919.2912759493476,1460000.0,22300000.0,24456071.26787293
2019-04-17,25203.0,1.0,923.2582640063249,1460000.0,22400000.0,24728878.027751405
2019-04-24,24584.0,1.0,927.3251367690974,1460000.0,22500000.0,24257361.16233149
2019-05-01,24737.0,1.0,931.3668556517429,1460000.0,22600000.0,24499221.908257164
2019-05-08,24315.0,1.0,935.4787207555883,1460000.0,22700000.0,24206165.09517213
2019-05-15,23434.0,0.8,938.8918811208695,1480000.0,22800000.0,23481992.342186455
2019-05-22,23178.0,0.8,942.342739693654,1500000.0,22900000.0,23341620.02061951
2019-05-29,22718.0,0.8,945.8634721524973,1520000.0,23000000.0,23008126.360360432
2019-06-05,23248.0,0.8,949.3039401497443,1540000.0,23100000.0,23609418.000601258
2019-06-12,23647.0,0.8,952.6863565239145,1560000.0,23200000.0,24088174.272721004
2019-06-19,23873.0,0.8,956.0367523685926,1580000.0,23300000.0,24403465.38929541
2019-06-26,23920.0,0.8,959.3805650776227,1600000.0,23400000.0,24548383.116656736
2019-07-03,23712.0,1.0,963.596995576948,1600000.0,23500000.0,24448811.95912059
2019-07-10,23417.0,0.8,967.0126337885036,1620000.0,23600000.0,24264534.84542539
2019-07-17,23634.0,1.0,971.2429799000379,1620000.0,23700000.0,24574356.586957496
2019-07-24,23790.0,1.0,975.4455860370703,1620000.0,23800000.0,24825850.4918219
2019-07-31,23203.0,0.8,978.8927264930458,1640000.0,23900000.0,24353247.93281814
2019-08-07,21972.0,0.8,982.5329959268706,1660000.0,24000000.0,23248214.986505203
2019-08-14,22185.0,0.8,986.1383148360435,1680000.0,24100000.0,23557478.514637627
2019-08-21,22511.0,0.8,989.6914222057738,1700000.0,24200000.0,23978943.605274174
2019-08-28,22268.0,0.8,993.2833029314789,1720000.0,24300000.0,23838432.589678172
2019-09-04,22798.0,0.8,996.7916808593674,1740000.0,24400000.0,24464856.740231857
2019-09-11,23564.0,0.8,1000.1860111937758,1760000.0,24500000.0,25328383.167770132
2019-09-18,23760.0,0.8,1003.5523411601058,1780000.0,24600000.0,25624403.625964113
2019-09-25,23873.0,1.0,1007.7403359659535,1780000.0,24700000.0,25837785.040515207
2019-10-02,23412.0,1.0,1012.0107955593244,1780000.0,24800000.0,25473196.745634902
2019-10-09,23699.0,1.0,1016.2295389662191,1780000.0,24900000.0,25863623.843960427
2019-10-16,24103.0,1.0,1020.3775703316094,1780000.0,25000000.0,26374160.57770278
2019-10-23,24090.0,1.0,1024.527840153112,1780000.0,25100000.0,26460875.669288468
2019-10-30,24033.0,1.0,1028.687953330826,1780000.0,25200000.0,26502457.582399745
2019-11-06,24836.0,1.0,1032.71356131923,1780000.0,25300000.0,27428474.008924395
2019-11-13,24548.0,1.0,1036.786398210219,1780000.0,25400000.0,27231032.503264457
2019-11-20,24635.0,1.0,1040.84485163015,1780000.0,25500000.0,27421212.919908747
2019-11-27,24692.0,1.0,1044.8939363539473,1780000.0,25600000.0,27580521.076451667
2019-12-04,23955.0,1.0,1049.0675952978004,1780000.0,25700000.0,26910414.24535881
2019-12-11,24504.0,1.0,1053.1477454773628,1780000.0,25800000.0,27586332.3551773
2019-12-18,25673.0,1.0,1057.0421092057934,1780000.0,25900000.0,28917442.069640335
2019-12-25,25586.0,1.0,1060.9497149276726,1780000.0,26000000.0,28925459.406139433
2020-01-01,25974.0,1.0,1064.7989487769064,1780000.0,26100000.0,29437087.895531368
2020-01-08,25590.0,1.0,1068.705943696797,1780000.0,26200000.0,29128185.099201035
2020-01-15,26471.0,1.3,1073.6159962070913,1750000.0,26300000.0,30169689.035597913
2020-01-22,27056.0,1.3,1078.4198844389068,1720000.0,26400000.0,30897728.393379062
2020-01-29,25978.0,1.0,1082.2685255968097,1720000.0,26500000.0,29835171.757953923
2020-02-05,25805.0,1.0,1086.142968534225,1720000.0,26600000.0,29747919.303025678
2020-02-12,26683.0,1.0,1089.8899235242936,1720000.0,26700000.0,30801532.82939873
2020-02-19,26381.0,1.0,1093.6797722790793,1720000.0,26800000.0,30572366.07249439
2020-02-26,24804.0,1.0,1097.710573762711,1720000.0,26900000.0,28947613.071610283
2020-03-04,24638.0,0.8,1100.9569411626624,1740000.0,27000000.0,28865377.116365675
2020-03-11,22764.0,0.8,1104.4705591559853,1760000.0,27100000.0,26902167.80862685
2020-03-18,19082.0,0.6,1107.6142547853742,1800000.0,27200000.0,22935495.20981451
2020-03-25,20711.0,0.6,1110.5106866331846,1840000.0,27300000.0,24839786.830859885
2020-04-01,20056.0,0.6,1113.5017117628215,1880000.0,27400000.0,24212390.33111515
2020-04-08,21458.0,0.8,1117.229179373969,1900000.0,27500000.0,25873503.731006626
2020-04-15,21982.0,0.8,1120.8677927849415,1920000.0,27600000.0,26558915.820998583
2020-04-22,22323.0,0.8,1124.4508237395623,1940000.0,27700000.0,27041115.73833825
2020-04-29,22936.0,0.8,1127.9380926617807,1960000.0,27800000.0,27830388.093290605
2020-05-06,22652.0,0.8,1131.4690833027837,1980000.0,27900000.0,27610037.674974658
2020-05-13,22727.0,0.8,1134.9884215348425,2000000.0,28000000.0,27794881.856222365
2020-05-20,23327.0,0.8,1138.4172379278634,2020000.0,28100000.0,28575858.90914327
2020-05-27,23758.0,0.8,1141.7838512791557,2040000.0,28200000.0,29166500.73869018
2020-06-03,25405.0,1.0,1145.7192970575456,2040000.0,28300000.0,31146998.741746947
2020-06-10,25921.0,1.0,1149.5764013359299,2040000.0,28400000.0,31838169.899028637
2020-06-17,25103.0,1.0,1153.5591922374158,2040000.0,28500000.0,30997796.402735848
2020-06-24,25419.0,1.0,1157.4924704938383,2040000.0,28600000.0,31462301.107482873
2020-07-01,24948.0,1.0,1161.5000061680405,2040000.0,28700000.0,31017102.153880276
2020-07-08,25476.0,1.0,1165.4244841080624,2040000.0,28800000.0,31730354.157137
2020-07-15,26049.0,1.0,1169.262635284691,2040000.0,28900000.0,32498122.386530917
2020-07-22,26178.0,1.0,1173.081872812386,2040000.0,29000000.0,32748937.266482644
2020-07-29,26813.0,1.0,1176.8106610867305,2040000.0,29100000.0,33593824.25571851
2020-08-05,27249.0,1.3,1181.5805242009733,2010000.0,29200000.0,34206887.70395232
2020-08-12,28722.0,1.3,1186.1057661757661,1980000.0,29300000.0,36047329.81610035
2020-08-19,27916.0,1.3,1190.7616624359753,1950000.0,29400000.0,35191302.56856269
2020-08-26,27912.0,1.3,1195.4182259212146,1920000.0,29500000.0,35286513.52191294
2020-09-02,27716.0,1.3,1200.1077193546105,1890000.0,29600000.0,35152185.549632385
2020-09-09,27876.0,1.3,1204.7702964818884,1860000.0,29700000.0,35444176.78472912
2020-09-16,28646.0,1.3,1209.307544265174,1830000.0,29800000.0,36471823.91302018
2020-09-23,27525.0,1.0,1212.9398785067726,1830000.0,29900000.0,35216170.155898914
2020-09-30,27663.0,1.3,1217.6383566183297,1800000.0,30000000.0,35483529.859132856
2020-10-07,28299.0,1.3,1222.2312397590767,1770000.0,30100000.0,36357921.85394211
2020-10-14,28165.0,1.3,1226.8459743587573,1740000.0,30200000.0,36294116.8678144
2020-10-21,28139.0,1.3,1231.4649729017049,1710000.0,30300000.0,36362192.87248107
2020-10-28,27903.0,1.0,1235.0481001640064,1710000.0,30400000.0,36171547.138876274
2020-11-04,27991.0,1.0,1238.6199625483443,1710000.0,30500000.0,36380211.371690705
2020-11-11,29502.0,1.3,1243.025562168709,1680000.0,30600000.0,38351740.13510125
2020-11-18,30260.0,1.3,1247.3208034112736,1650000.0,30700000.0,39393927.51122514
2020-11-25,31013.0,1.3,1251.511755592617,1620000.0,30800000.0,40433134.07619383
2020-12-02,31953.0,1.3,1255.5794174710009,1590000.0,30900000.0,41709529.12645089
2020-12-09,33156.0,1.3,1259.499492268926,1560000.0,31000000.0,43319965.16566851
2020-12-16,33188.0,1.3,1263.4157873153283,1530000.0,31100000.0,43460243.14942112
2020-12-23,33076.0,1.3,1267.3453434889889,1500000.0,31200000.0,43418714.581241794
2020-12-30,35206.0,1.3,1271.0371573843477,1470000.0,31300000.0,46218134.16287334
2021-01-06,36320.0,1.3,1274.6157366795019,1440000.0,31400000.0,47734043.556199506
2021-01-13,38825.0,1.3,1277.9634250246404,1410000.0,31500000.0,51026929.97658166
2021-01-20,38237.0,1.3,1281.3625933694373,1380000.0,31600000.0,50375461.48266717
2021-01-27,38246.0,1.3,1284.7609618262693,1350000.0,31700000.0,50486967.746007495
2021-02-03,38489.0,1.3,1288.13787471047,1320000.0,31800000.0,50899138.65973128
2021-02-10,38088.0,1.3,1291.550340578985,1290000.0,31900000.0,50482569.37197238
2021-02-17,38396.0,1.3,1294.9354327760889,1260000.0,32000000.0,50980340.87687071
2021-02-24,36932.0,1.3,1298.4547114504091,1230000.0,32100000.0,49184529.40328651
2021-03-03,38052.0,1.3,1301.8704057634545,1200000.0,32200000.0,50738772.68011097
2021-03-10,36571.0,1.3,1305.4244239746054,1170000.0,32300000.0,48910676.609175295
2021-03-17,37476.0,1.3,1308.8926169514439,1140000.0,32400000.0,50192059.71287231
2021-03-24,36892.0,1.3,1312.4157113892625,1110000.0,32500000.0,49527640.42457267
2021-03-31,37646.0,1.3,1315.8682428667103,1080000.0,32600000.0,50617175.870960176
2021-04-07,38636.0,1.3,1319.2323074696712,1050000.0,32700000.0,52019859.43139822
2021-04-14,39123.0,1.3,1322.5544964633577,1020000.0,32800000.0,52762299.56513595
2021-04-21,38672.0,1.3,1325.9154294381199,990000.0,32900000.0,52265801.48723097
2021-04-28,38735.0,1.3,1329.2708960703646,960000.0,33000000.0,52449308.159285575
2021-05-05,38413.0,1.3,1332.6544901661134,930000.0,33100000.0,52121256.930750914
2021-05-12,38205.0,1.3,1336.0565056091182,900000.0,33200000.0,51944038.79679636
2021-05-19,38404.0,1.3,1339.4408926521346,870000.0,33300000.0,52309888.04141258
2021-05-26,38440.0,1.3,1342.8221101339243,840000.0,33400000.0,52458081.91354805
2021-06-02,38948.0,1.3,1346.1592262887975,810000.0,33500000.0,53240209.545496084
2021-06-09,38780.0,1.3,1349.5107992645583,780000.0,33600000.0,53114028.79547957
2021-06-16,39510.0,1.3,1352.8004474548898,750000.0,33700000.0,54199145.678942695
2021-06-23,39492.0,1.3,1356.091595029082,720000.0,33800000.0,54274769.27088851
2021-06-30,39786.0,1.3,1359.358422556353,690000.0,33900000.0,54773434.19982706
2021-07-07,39623.0,1.3,1362.6386890682274,660000.0,34000000.0,54651832.776950374
2021-07-14,39338.0,1.3,1365.942720793277,630000.0,34100000.0,54363454.75056593
2021-07-21,38667.0,1.0,1368.5283881582134,630000.0,34200000.0,53546887.184913635
2021-07-28,38980.0,1.0,1371.0932932377414,630000.0,34300000.0,54075216.57040716
2021-08-04,39630.0,1.0,1373.6161294729168,630000.0,34400000.0,55066407.21101169
2021-08-11,38587.0,1.0,1376.207157539364,630000.0,34500000.0,53733705.58797144
2021-08-18,37543.0,1.0,1378.8702372080106,630000.0,34600000.0,52396925.31550034
2021-08-25,37579.0,1.0,1381.5307656946654,630000.0,34700000.0,52546544.64403983
2021-09-01,38160.0,1.0,1384.150786659026,630000.0,34800000.0,53449194.018908426
2021-09-08,37629.0,1.0,1386.8077799354883,630000.0,34900000.0,52814189.95119249
2021-09-15,37507.0,0.8,1388.9402885338832,650000.0,35000000.0,52744983.402040355
2021-09-22,37275.0,0.8,1391.0860698886786,670000.0,35100000.0,52522733.255100496
2021-09-29,36331.0,0.8,1393.2876057671294,690000.0,35200000.0,51309532.00512558
2021-10-06,34725.0,0.8,1395.590960698735,710000.0,35300000.0,49171896.11026357
2021-10-13,34974.0,0.8,1397.8779167232103,730000.0,35400000.0,49619382.259477556
2021-10-20,35805.0,0.8,1400.1117946732172,750000.0,35500000.0,50881002.808274545
2021-10-27,35991.0,0.8,1402.3341280343352,770000.0,35600000.0,51241407.60208376
2021-11-03,35420.0,0.8,1404.5922872664075,790000.0,35700000.0,50540658.814976156
2021-11-10,35134.0,0.8,1406.8688285085093,810000.0,35800000.0,50238929.420817964
2021-11-17,35398.0,0.8,1409.1283911956668,830000.0,35900000.0,50710326.791544214
2021-11-24,35943.0,0.8,1411.3536923669658,850000.0,36000000.0,51578285.764745854
2021-12-01,34861.0,0.8,1413.648061432684,870000.0,36100000.0,50151185.0696048
2021-12-08,36203.0,0.8,1415.8573811023246,890000.0,36200000.0,52148284.76804746
2021-12-15,35943.0,0.8,1418.0826822736235,910000.0,36300000.0,51880145.84896085
2021-12-22,36039.0,0.8,1420.3020557301568,930000.0,36400000.0,52116265.78645912
2021-12-29,36485.0,0.8,1422.4942991178505,950000.0,36500000.0,52849704.50331477
2022-01-05,35807.0,0.8,1424.7280522946037,970000.0,36600000.0,51985237.36851288
2022-01-12,36312.0,0.8,1426.9307401113033,990000.0,36700000.0,52804709.034921646
2022-01-19,34779.0,0.8,1429.2305187133334,1010000.0,36800000.0,50717208.21033102
2022-01-26,33260.0,0.6,1431.0341266507958,1050000.0,36900000.0,48646195.05240547
2022-02-02,33024.0,0.6,1432.850623743819,1090000.0,37000000.0,48408458.998515874
2022-02-09,33962.0,0.8,1435.2057265057292,1110000.0,37100000.0,49852456.88358758
2022-02-16,33866.0,0.6,1436.9770605871088,1150000.0,37200000.0,49814665.13384303
2022-02-23,33607.0,0.8,1439.357040948343,1170000.0,37300000.0,49542472.07515096
2022-03-02,33211.0,0.8,1441.7653996246852,1190000.0,37400000.0,49072470.68693542
2022-03-09,32149.0,0.6,1443.6313363567765,1230000.0,37500000.0,47641303.83253401
2022-03-16,32832.0,0.6,1445.4584562398175,1270000.0,37600000.0,48727292.035265684
2022-03-23,33652.0,0.8,1447.835254052726,1290000.0,37700000.0,50012551.96938234
2022-03-30,33675.0,0.8,1450.2104285144928,1310000.0,37800000.0,50145836.18022554
2022-04-06,33302.0,0.8,1452.6122061855035,1330000.0,37900000.0,49704891.69038964
2022-04-13,33197.0,0.8,1455.0215805265584,1350000.0,38000000.0,49652351.40874016
2022-04-20,33001.0,0.8,1457.4452646573422,1370000.0,38100000.0,49467151.17895695
2022-04-27,32013.0,0.8,1459.943749647815,1390000.0,38200000.0,48127179.257475495
2022-05-04,32690.0,0.8,1462.3904917707882,1410000.0,38300000.0,49215545.175987065
2022-05-11,31761.0,0.6,1464.2792232339034,1450000.0,38400000.0,47956972.409132004
2022-05-18,32223.0,0.8,1466.7614253876445,1470000.0,38500000.0,48733453.41026607
2022-05-25,31969.0,0.8,1469.2633491262663,1490000.0,38600000.0,48460880.00821761
2022-06-01,32750.0,0.8,1471.705608668251,1510000.0,38700000.0,49708358.68388522
2022-06-08,32039.0,0.8,1474.2020661107429,1530000.0,38800000.0,48761959.99612209
2022-06-15,29835.0,0.6,1476.2127247331662,1570000.0,38900000.0,45612806.64241401
2022-06-22,28545.0,0.6,1478.3142486427826,1610000.0,39000000.0,43808480.227508225
2022-06-29,29012.0,0.6,1480.3819447685237,1650000.0,39100000.0,44598840.98162441
2022-07-06,28046.0,0.6,1482.5208594087576,1690000.0,39200000.0,43268780.022978015
2022-07-13,28481.0,0.6,1484.6271056782005,1730000.0,39300000.0,44013664.596820824
2022-07-20,29303.0,0.6,1486.67426808478,1770000.0,39400000.0,45334016.07768831
2022-07-27,29668.0,0.6,1488.69624462516,1810000.0,39500000.0,45976640.185539246
2022-08-03,30024.0,0.6,1490.694246223881,1850000.0,39600000.0,46606604.048625804
2022-08-10,30061.0,0.8,1493.3549694200487,1870000.0,39700000.0,46761743.73573609
2022-08-17,30598.0,0.8,1495.968996480641,1890000.0,39800000.0,47663659.354314655
2022-08-24,29658.0,0.8,1498.6658742202053,1910000.0,39900000.0,46357432.49762285
2022-08-31,29848.0,0.8,1501.3455847535743,1930000.0,40000000.0,46742163.013724685
2022-09-07,28589.0,0.6,1503.4438743054998,1970000.0,40100000.0,44951956.92251993
2022-09-14,28964.0,0.8,1506.2053713362966,1990000.0,40200000.0,45615732.375384495
2022-09-21,28228.0,0.6,1508.3304953266609,2030000.0,40300000.0,44607153.22208098
2022-09-28,26292.0,0.6,1510.6121018990023,2070000.0,40400000.0,41787013.38312857
2022-10-05,26824.0,0.6,1512.8484574015372,2110000.0,40500000.0,42690647.021338835
2022-10-12,26695.0,0.6,1515.095619791498,2150000.0,40600000.0,42595477.57033404
2022-10-19,27051.0,0.6,1517.3132087900563,2190000.0,40700000.0,43234839.61097981
2022-10-26,27320.0,0.6,1519.5089628164105,2230000.0,40800000.0,43742984.86414433
2022-11-02,28221.0,0.8,1522.343164297577,2250000.0,40900000.0,45212046.43964192
2022-11-09,29313.0,0.8,1525.071782999177,2270000.0,41000000.0,46974429.17505488
2022-11-16,29945.0,0.8,1527.7428132212508,2290000.0,41100000.0,48038258.54191036
2022-11-23,29244.0,0.8,1530.4778699850315,2310000.0,41200000.0,47067294.82984226
2022-11-30,29811.0,0.8,1533.160906448082,2330000.0,41300000.0,48035059.782123774
2022-12-07,28691.0,0.8,1535.9486796173685,2350000.0,41400000.0,46417903.56690192
2022-12-14,29146.0,0.8,1538.6929326881157,2370000.0,41500000.0,47216744.21612782
2022-12-21,28226.0,0.8,1541.5266321141767,2390000.0,41600000.0,45901130.71805475
2022-12-28,28007.0,0.8,1544.382489578382,2410000.0,41700000.0,45663520.38562175
2023-01-04,27919.0,0.8,1547.2473486349386,2430000.0,41800000.0,45627598.72653885
2023-01-11,29299.0,0.8,1549.9772711578917,2450000.0,41900000.0,47862784.067655064
2023-01-18,29406.0,0.8,1552.6972602757587,2470000.0,42000000.0,48128615.63566896
2023-01-25,30252.0,1.0,1556.0021657365546,2470000.0,42100000.0,49542177.51786225
2023-02-01,30278.0,1.0,1559.304233244316,2470000.0,42200000.0,49682613.5741714
2023-02-08,30688.0,1.0,1562.5621842349312,2470000.0,42300000.0,50421908.30980157
2023-02-15,29934.0,1.0,1565.9021989339358,2470000.0,42400000.0,49343716.422888435
2023-02-22,29794.0,1.0,1569.2579081371312,2470000.0,42500000.0,49224470.11503769
2023-03-01,29720.0,1.0,1572.6219727400921,2470000.0,42600000.0,49208325.02983554
2023-03-08,29692.0,1.0,1575.9892097062784,2470000.0,42700000.0,49264271.61459882
2023-03-15,29189.0,0.8,1578.7294200594936,2490000.0,42800000.0,48571533.04211656
2023-03-22,29645.0,1.0,1582.1019955359652,2490000.0,42900000.0,49391413.65766369
2023-03-29,29887.0,1.0,1585.4472627089835,2490000.0,43000000.0,49874262.34058339
2023-04-05,30609.0,1.0,1588.7136222764311,2490000.0,43100000.0,51118935.26425928
2023-04-12,31373.0,1.0,1591.9004389659412,2490000.0,43200000.0,52432692.47167847
2023-04-19,31531.0,1.0,1595.0712867030888,2490000.0,43300000.0,52784192.7410351
2023-04-26,30642.0,1.0,1598.334128554143,2490000.0,43400000.0,51466154.36715605
2023-05-03,30861.0,1.0,1601.5738161857817,2490000.0,43500000.0,51916169.54130941
2023-05-10,30842.0,1.0,1604.8154996044964,2490000.0,43600000.0,51985719.63880188
2023-05-17,30880.0,1.0,1608.0531939050145,2490000.0,43700000.0,52146682.627786845
2023-05-24,31796.0,1.0,1611.1976145868612,2490000.0,43800000.0,53719639.35340384
2023-05-31,32074.0,1.0,1614.314781139209,2490000.0,43900000.0,54267532.29025899
2023-06-07,32405.0,1.3,1618.3257053792952,2460000.0,44000000.0,54901844.48281606
2023-06-14,32575.0,1.3,1622.315697704698,2430000.0,44100000.0,55276933.85273054
2023-06-21,32079.0,1.0,1625.4323783992334,2430000.0,44200000.0,54572245.266669005
2023-06-28,31975.0,1.0,1628.5591962256603,2430000.0,44300000.0,54503180.29931549
2023-07-05,32131.0,1.0,1631.670832962768,2430000.0,44400000.0,54857215.533926696
2023-07-12,32164.0,1.0,1634.7792771861232,2430000.0,44500000.0,55011040.671414465
2023-07-19,32532.0,1.0,1637.8525588779958,2430000.0,44600000.0,55712619.44541896
2023-07-26,32311.0,1.0,1640.9468611280035,2430000.0,44700000.0,55450634.02990692
2023-08-02,32591.0,1.3,1644.9348946341863,2400000.0,44800000.0,56010073.15102277
2023-08-09,32378.0,1.0,1648.022793824995,2400000.0,44900000.0,55759682.01846569
2023-08-16,31403.0,1.0,1651.2065660760538,2400000.0,45000000.0,54252839.79448632
2023-08-23,31223.0,1.0,1654.4086927134686,2400000.0,45100000.0,54055602.61259263
2023-08-30,31758.0,1.0,1657.5568758484267,2400000.0,45200000.0,55040691.26319434
2023-09-06,32032.0,1.0,1660.6781295946805,2400000.0,45300000.0,55594841.847176805
2023-09-13,31867.0,1.0,1663.815544475278,2400000.0,45400000.0,55420809.955793686
2023-09-20,32094.0,1.0,1666.9307685046917,2400000.0,45500000.0,55898476.084389575
2023-09-27,31110.0,1.0,1670.144526138893,2400000.0,45600000.0,54358196.208180964
2023-10-04,30286.0,1.0,1673.4457214106358,2400000.0,45700000.0,53081977.11864252
2023-10-11,30935.0,0.8,1676.0312717581387,2420000.0,45800000.0,54268027.39183802
2023-10-18,31285.0,1.0,1679.227052483726,2420000.0,45900000.0,54954618.33695337
2023-10-25,30130.0,0.8,1681.881682420666,2440000.0,46000000.0,53115095.09133467
2023-11-01,29509.0,0.8,1684.5921775238548,2460000.0,46100000.0,52170630.56655143
2023-11-08,30857.0,1.0,1687.8322851169455,2460000.0,46200000.0,54541440.821853586
2023-11-15,31797.0,0.8,1690.3477425500366,2480000.0,46300000.0,56227987.169863515
2023-11-22,32072.0,1.0,1693.4651034879264,2480000.0,46400000.0,56792812.79906478
2023-11-29,32048.0,1.0,1696.5847989447411,2480000.0,46500000.0,56852149.63658106
2023-12-06,31783.0,1.0,1699.7305057691442,2480000.0,46600000.0,56502534.66486071
2023-12-13,32048.0,1.0,1702.850201225959,2480000.0,46700000.0,57052943.24888953
2023-12-20,33387.0,1.0,1705.8447799542064,2480000.0,46800000.0,59433039.66833109
2023-12-27,33781.0,1.0,1708.8044318295208,2480000.0,46900000.0,60205122.511633046
2024-01-03,33586.0,1.0,1711.781267415777,2480000.0,47000000.0,59971885.647426285
2024-01-10,32604.0,1.0,1714.847762324377,2480000.0,47100000.0,58390896.44282399
2024-01-17,31251.0,1.0,1718.047019948133,2480000.0,47200000.0,56170687.42039911
2024-01-24,31944.0,1.0,1721.1768721895555,2480000.0,47300000.0,57461274.00522316
2024-01-31,32206.0,1.0,1724.2812626758002,2480000.0,47400000.0,58012202.345736824
2024-02-07,33748.0,1.0,1727.2438086044478,2480000.0,47500000.0,60771024.05278291
2024-02-14,33734.0,1.0,1730.207584023906,2480000.0,47600000.0,60846822.63946245
2024-02-21,34077.0,1.0,1733.1415277396088,2480000.0,47700000.0,61540263.84078265
2024-02-28,34205.0,1.0,1736.064492218486,2480000.0,47800000.0,61862085.95633332
2024-03-06,34205.0,1.0,1738.9874566973633,2480000.0,47900000.0,61962065.95633331
2024-03-13,34896.0,1.0,1741.8525415208387,2480000.0,48000000.0,63263686.288911186
2024-03-20,34957.0,1.0,1744.7126267684287,2480000.0,48100000.0,63469919.293943964
2024-03-27,36028.0,1.3,1748.3202097594356,2450000.0,48200000.0,65438480.51721294
2024-04-03,35705.0,1.3,1751.9604282162343,2420000.0,48300000.0,64973747.08946064
2024-04-10,35771.0,1.0,1754.7554297537927,2420000.0,48400000.0,65189356.47772292
2024-04-17,34063.0,1.0,1757.6905793295787,2420000.0,48500000.0,62292214.20370344
2024-04-24,35057.0,1.0,1760.5425061915464,2420000.0,48600000.0,64139338.63955704
2024-05-01,35316.0,1.0,1763.3735176311206,2420000.0,48700000.0,64695299.14866066
2024-05-08,36096.0,1.0,1766.1433536240284,2420000.0,48800000.0,66170710.492412925
2024-05-15,35880.0,1.0,1768.9298642148867,2420000.0,48900000.0,65889203.528030135
2024-05-22,35909.0,1.0,1771.7141244282036,2420000.0,49000000.0,66040482.49409236
2024-05-29,35354.0,1.0,1774.5420929749027,2420000.0,49100000.0,65157161.15503471
2024-06-05,35417.0,1.0,1777.3650311119557,2420000.0,49200000.0,65368937.306892134
2024-06-12,35918.0,1.0,1780.1485936711183,2420000.0,49300000.0,66359377.18747923
2024-06-19,37012.0,1.0,1782.8498797405011,2420000.0,49400000.0,68406839.74895543
2024-06-26,36969.0,1.0,1785.5543077748002,2420000.0,49500000.0,68430157.2041266
2024-07-03,37103.0,1.3,1789.0573668266288,2390000.0,49600000.0,68769395.48136841
2024-07-10,38289.0,1.3,1792.4519187867218,2360000.0,49700000.0,70991191.5184248
2024-07-17,37942.0,1.3,1795.8775157505086,2330000.0,49800000.0,70469184.7026058
2024-07-24,36737.0,1.0,1798.5990226781291,2330000.0,49900000.0,68405132.29612643
2024-07-31,36882.0,1.0,1801.3098301180728,2330000.0,50000000.0,68765909.15441476
2024-08-07,33820.0,0.8,1803.674821247582,2350000.0,50100000.0,63350282.45459323
2024-08-14,34860.0,1.0,1806.5428648505654,2350000.0,50200000.0,65326084.268690705
2024-08-21,35678.0,1.0,1809.345151974283,2350000.0,50300000.0,66903816.33213847
2024-08-28,35402.0,1.0,1812.1692862039874,2350000.0,50400000.0,66504417.07019357
2024-09-04,33574.0,1.0,1815.1471857691272,2350000.0,50500000.0,63291751.615012676
2024-09-11,32548.0,0.8,1817.604602507483,2370000.0,50600000.0,61529394.60241356
2024-09-18,33366.0,0.8,1820.0017732801257,2390000.0,50700000.0,63116179.16726467
2024-09-25,33395.0,0.8,1822.3968623653182,2410000.0,50800000.0,63268943.2186898
2024-10-02,33235.0,0.8,1824.8034818929245,2430000.0,50900000.0,63077343.72071135
2024-10-09,33491.0,0.8,1827.1917055948145,2450000.0,51000000.0,63644477.41207593
2024-10-16,33806.0,0.8,1829.5576761325888,2470000.0,51100000.0,64320026.799338296
2024-10-23,33719.0,0.8,1831.9297512237836,2490000.0,51200000.0,64260839.28151476
2024-10-30,33528.0,0.8,1834.3153393888992,2510000.0,51300000.0,64010924.69903101
2024-11-06,33135.0,0.8,1836.729221990378,2530000.0,51400000.0,63390022.77065118
2024-11-13,31053.0,0.8,1839.3049473631277,2550000.0,51500000.0,59665936.530467205
2024-11-20,32043.0,0.8,1841.8010931672034,2570000.0,51600000.0,61586832.4283567
2024-11-27,32392.0,0.8,1844.2703448342816,2590000.0,51700000.0,62329605.00987205
2024-12-04,31771.0,0.8,1846.7878608079682,2610000.0,51800000.0,61284297.125729956
2024-12-11,31553.0,0.6,1848.6890429459581,2650000.0,51900000.0,60981685.372073814
2024-12-18,32111.0,0.8,1851.179902775923,2670000.0,52000000.0,62113237.858037665
2024-12-25,31475.0,0.8,1853.7210941976864,2690000.0,52100000.0,61035871.43987218
2025-01-01,31121.0,0.6,1855.6486672191188,2730000.0,52200000.0,60479642.172526196
2025-01-08,32674.0,0.8,1858.0966074774283,2750000.0,52300000.0,63461448.55271749
2025-01-15,32310.0,0.8,1860.5721258927795,2770000.0,52400000.0,62885085.387595706
2025-01-22,33052.0,0.8,1862.9920702229258,2790000.0,52500000.0,64365613.905008145
2025-01-29,32893.0,0.8,1865.4237122136228,2810000.0,52600000.0,64169382.1658427
2025-02-05,32455.0,0.8,1867.8881706945965,2830000.0,52700000.0,63452310.57989313
2025-02-12,32937.0,0.8,1870.3165642944994,2850000.0,52800000.0,64452616.678167924
2025-02-19,34651.0,0.8,1872.6248382259876,2870000.0,52900000.0,67758323.2693687
2025-02-26,34164.0,0.8,1874.9660160740148,2890000.0,53000000.0,66946338.97315264
2025-03-05,33064.0,0.8,1877.3850821277288,2910000.0,53100000.0,64983860.35547122
2025-03-12,33458.0,0.8,1879.775661361395,2930000.0,53200000.0,65823534.07782955
2025-03-19,34510.0,1.0,1882.6727926276944,2930000.0,53300000.0,67901038.07358173
2025-03-26,34919.0,1.0,1885.535990313768,2930000.0,53400000.0,68771031.24576646
2025-04-02,33288.0,0.8,1887.9387781051644,2950000.0,53500000.0,65795706.04556471
2025-04-09,30201.0,0.8,1890.5871672313522,2970000.0,53600000.0,60067623.03755407
2025-04-16,31978.0,0.8,1893.0883868198193,2990000.0,53700000.0,63527180.43372418
2025-04-23,33035.0,0.8,1895.509576467163,3010000.0,53800000.0,65628158.858592734
2025-04-30,33463.0,0.8,1897.8997985034418,3030000.0,53900000.0,66539420.957320675
2025-05-07,33779.0,0.8,1900.267660192657,3050000.0,54000000.0,67239141.29364777
2025-05-14,34804.0,1.0,1903.1403185077934,3050000.0,54100000.0,69286895.64534524
2025-05-21,34573.0,1.0,1906.0321705310485,3050000.0,54200000.0,68947250.23176995
2025-05-28,35283.0,1.0,1908.865829800385,3050000.0,54300000.0,70400513.07284698
2025-06-04,36624.0,1.0,1911.5957336885458,3050000.0,54400000.0,73060282.1506093
2025-06-11,38581.0,1.3,1914.9645940083924,3020000.0,54500000.0,76901249.00143778
2025-06-18,39459.0,1.3,1918.2584940058582,2990000.0,54600000.0,78682561.91497716
2025-06-25,41485.0,1.3,1921.39153004298,2960000.0,54700000.0,82668927.62383303
2025-07-02,41081.0,1.3,1924.5553770768888,2930000.0,54800000.0,81992659.44569567
2025-07-09,41860.0,1.3,1927.6603460209883,2900000.0,54900000.0,83591862.08443858
2025-07-16,42698.0,1.3,1930.7043761863356,2870000.0,55000000.0,85307215.45440416
2025-07-23,42644.0,1.3,1933.7522610001429,2840000.0,55100000.0,85302931.41809009
2025-07-30,43594.0,1.3,1936.7337263394097,2810000.0,55200000.0,87239970.06604023
2025-08-06,42753.0,1.3,1939.7738404834463,2780000.0,55300000.0,85711151.00218877
2025-08-13,43327.0,1.3,1942.7736789213718,2750000.0,55400000.0,86924555.18662627
2025-08-20,42079.0,1.3,1945.862488066076,2720000.0,55500000.0,84599947.6353324
2025-08-27,42718.0,1.3,1948.9050930569463,2690000.0,55600000.0,85943327.76520663
2025-09-03,42713.0,1.3,1951.9480542163124,2660000.0,55700000.0,86033557.23974136
2025-09-10,44723.0,1.3,1954.8542546053739,2630000.0,55800000.0,90056946.82871613
2025-09-17,46376.0,1.3,1957.6568680261087,2600000.0,55900000.0,93388294.91157882
2025-09-24,47708.0,1.3,1960.381232912501,2570000.0,56000000.0,96095867.8597896
2025-10-01,47658.0,1.3,1963.1084560439795,2540000.0,56100000.0,96097822.79814397
2025-10-08,49079.0,1.3,1965.756717010992,2510000.0,56200000.0,98987373.91418247
2025-10-15,50733.0,1.3,1968.318639231243,2480000.0,56300000.0,102338709.52411865
2025-10-22,53886.0,1.3,1970.7306571950926,2450000.0,56400000.0,108644792.19361477
2025-10-29,56817.0,1.3,1973.0182471769642,2420000.0,56500000.0,114520977.74985358
2025-11-05,56240.0,1.3,1975.3293069209187,2390000.0,56600000.0,113482520.22123247
2025-11-12,58359.0,1.3,1977.5564526910655,2360000.0,56700000.0,117768217.0225979
2025-11-19,54994.0,1.3,1979.9198741552252,2330000.0,56800000.0,111213713.55929245
2025-11-26,55659.0,1.3,1982.2550580428265,2300000.0,56900000.0,112630334.27560568
2025-12-03,56865.0,1.3,1984.5407170597964,2270000.0,57000000.0,115120907.87560533
2025-12-10,58240.0,1.3,1986.7724134883679,2240000.0,57100000.0,117949625.36156255
2025-12-17,57059.0,1.3,1989.050301288715,2210000.0,57200000.0,115703221.14123279
2025-12-24,58170.0,1.3,1991.2846832725554,2180000.0,57300000.0,118013030.02596454
2025-12-31,60438.0,1.3,1993.4352177045353,2150000.0,57400000.0,122629237.6876267
2026-01-07,66220.0,1.3,1995.397978199854,2120000.0,57500000.0,134255254.11639434
2026-01-14,68324.0,1.3,1997.3002965652893,2090000.0,57600000.0,138553545.46252683
2026-01-21,71217.0,1.3,1999.125338339023,2060000.0,57700000.0,144431709.22049022
2026-01-28,75604.0,1.3,2000.84448018337,2030000.0,57800000.0,153301846.0797835
2026-02-04,78877.0,1.3,2002.4922862611875,2000000.0,57900000.0,159950584.0634237
2026-02-11,78609.0,1.3,2004.1457101693914,1970000.0,58000000.0,159513890.13070568
2026-02-18,81336.0,1.3,2005.7436987599294,1940000.0,58100000.0,165079169.48233762
2026-02-25,90308.0,1.3,2007.1829289499458,1910000.0,58200000.0,183174675.9476117
2026-03-04,75414.0,1.3,2008.9064020451272,1880000.0,58300000.0,153379667.4038312
2026-03-11,83289.0,1.3,2010.4669202408072,1850000.0,58400000.0,169299779.3199366
2026-03-18,88798.0,1.3,2011.9306243782878,1820000.0,58500000.0,180475415.5835432
2026-03-25,83969.0,1.3,2013.4785051438084,1790000.0,58600000.0,170859776.59842044
2026-04-01,81644.0,1.3,2015.0704653613382,1760000.0,58700000.0,166278413.07396108
2026-04-08,88430.0,1.3,2016.540260679669,1730000.0,58800000.0,180052655.25190312
2026-04-15,92072.0,1.3,2017.9519167748988,1700000.0,58900000.0,187496868.88129848
2026-04-22,96677.0,1.3,2019.2963316822709,1670000.0,59000000.0,196889511.4580469
2026-04-29,100843.0,1.3,2020.5852064678286,1640000.0,59100000.0,205401873.97583523
2026-05-06,113043.0,1.3,2021.7349813322608,1610000.0,59200000.0,230152987.49474275
2026-05-13,122410.0,1.3,2022.7967736694882,1580000.0,59300000.0,249190553.06488204
2026-05-20,113113.0,1.3,2023.9458369955425,1550000.0,59400000.0,230484585.4600768
2026-05-27,130339.0,1.3,2024.9430366057898,1520000.0,59500000.0,265449050.44816202
2026-06-03,141292.0,1.3,2025.8629329905816,1490000.0,59600000.0,287728225.52810526
2026-06-10,123547.0,1.3,2026.9149536790646,1460000.0,59700000.0,251879261.7821874
2026-06-17,141771.0,1.3,2027.831742020827,1430000.0,59800000.0,288917733.8980347
2026-06-24,137869.0,1.3,2028.7744775161161,1400000.0,59900000.0,281105108.4406694
2026-07-01,134256.0,1.3,2029.7425832246133,1370000.0,60000000.0,273875120.25340366
2026-07-08,116631.0,1.3,2030.8569867708404,1340000.0,60100000.0,238200881.2240699
2026-07-15,116502.0,1.3,2031.9726242706258,1310000.0,60200000.0,238038874.67277646
2026-07-22,108098.0,1.3,2033.1749961924006,1280000.0,60300000.0,221062150.73840612
2026-07-29,89426.0,1.3,2034.6284213707604,1250000.0,60400000.0,183198681.20950162
2026-08-05,104300.0,1.3,2035.8745766919492,1220000.0,60500000.0,213561718.3489703
2026-08-12,103250.0,1.3,2037.1334047791163,1190000.0,60600000.0,211524024.04344377
2026-08-19,101760.0,1.3,2038.410664999242,1160000.0,60700000.0,208588669.27032286
2026-08-26,107710.0,1.3,2039.6173681837188,1130000.0,60800000.0,220817186.72706836
2026-09-02,107615.0,1.3,2040.8251366174873,1100000.0,60900000.0,220723397.0770909
